run,arm,item_id,class,n_options,correct,top1_confidence
part1-draw1,FRONTIER,S2a-000,S2a,20,0,0.25
part1-draw1,FRONTIER,S2a-001,S2a,20,0,0.14705882352941177
part1-draw1,FRONTIER,S2a-003,S2a,20,0,0.5
part1-draw1,FRONTIER,S2a-004,S2a,20,0,0.2
part1-draw1,FRONTIER,S2a-005,S2a,20,1,0.37
part1-draw1,FRONTIER,S2a-006,S2a,20,1,0.65
part1-draw1,FRONTIER,S2a-007,S2a,20,1,0.25
part1-draw1,FRONTIER,S2a-008,S2a,20,0,0.08
part1-draw1,FRONTIER,S2a-009,S2a,20,0,0.08
part1-draw1,FRONTIER,S2a-011,S2a,20,0,0.25
part1-draw1,FRONTIER,S2a-013,S2a,20,0,0.13
part1-draw1,FRONTIER,S2a-014,S2a,20,0,0.12
part1-draw1,FRONTIER,S2a-015,S2a,20,0,0.38383838383838387
part1-draw1,FRONTIER,S2a-017,S2a,20,0,0.1
part1-draw1,FRONTIER,S2a-018,S2a,20,0,0.5
part1-draw1,FRONTIER,S2a-019,S2a,20,1,0.16
part1-draw1,FRONTIER,S2a-022,S2a,20,0,0.08
part1-draw1,FRONTIER,S2a-023,S2a,20,1,0.8432539682539683
part1-draw1,FRONTIER,S2a-025,S2a,20,0,0.12745098039215685
part1-draw1,FRONTIER,S2a-026,S2a,20,0,0.42
part1-draw1,FRONTIER,S2a-027,S2a,20,0,0.28846153846153844
part1-draw1,FRONTIER,S2a-028,S2a,20,1,0.6
part1-draw1,FRONTIER,S2a-030,S2a,20,0,0.08247422680412371
part1-draw1,FRONTIER,S2a-031,S2a,20,1,0.2
part1-draw1,FRONTIER,S2a-033,S2a,20,1,0.14
part1-draw1,FRONTIER,S2a-036,S2a,20,1,0.19230769230769232
part1-draw1,FRONTIER,S2a-037,S2a,20,0,0.09
part1-draw1,FRONTIER,S2a-038,S2a,20,0,0.12
part1-draw1,FRONTIER,S2a-039,S2a,20,0,0.1320754716981132
part1-draw1,FRONTIER,S2a-040,S2a,20,0,0.08490566037735849
part1-draw1,FRONTIER,S2a-041,S2a,20,0,0.55
part1-draw1,FRONTIER,S2a-042,S2a,20,0,0.18
part1-draw1,FRONTIER,S2a-043,S2a,20,0,0.25
part1-draw1,FRONTIER,S2a-044,S2a,20,1,0.24
part1-draw1,FRONTIER,S2a-045,S2a,20,0,0.1
part1-draw1,FRONTIER,S2a-046,S2a,20,0,0.14
part1-draw1,FRONTIER,S2a-047,S2a,20,0,0.13
part1-draw1,FRONTIER,S2a-048,S2a,20,0,0.15
part1-draw1,FRONTIER,S2a-049,S2a,20,0,0.1
part1-draw1,FRONTIER,S2a-050,S2a,20,0,0.1
part1-draw1,FRONTIER,S2a-051,S2a,20,0,0.11320754716981131
part1-draw1,FRONTIER,S2a-052,S2a,20,0,0.14
part1-draw1,FRONTIER,S2a-053,S2a,20,0,0.08
part1-draw1,FRONTIER,S2a-054,S2a,20,0,0.19230769230769232
part1-draw1,FRONTIER,S2a-055,S2a,20,0,0.08
part1-draw1,FRONTIER,S2a-056,S2a,20,0,0.24
part1-draw1,FRONTIER,S2a-057,S2a,20,0,0.1
part1-draw1,FRONTIER,S2a-058,S2a,20,0,0.25
part1-draw1,FRONTIER,S2b-000,S2b,11,1,0.6
part1-draw1,FRONTIER,S2b-001,S2b,11,1,0.43
part1-draw1,FRONTIER,S2b-002,S2b,11,1,0.82
part1-draw1,FRONTIER,S2b-003,S2b,11,0,0.62
part1-draw1,FRONTIER,S2b-004,S2b,11,0,0.42
part1-draw1,FRONTIER,S2b-005,S2b,11,0,0.58
part1-draw1,FRONTIER,S2b-006,S2b,11,0,0.87
part1-draw1,FRONTIER,S2b-007,S2b,11,0,0.9
part1-draw1,FRONTIER,S2b-008,S2b,11,0,0.42
part1-draw1,FRONTIER,S2b-010,S2b,11,0,0.38
part1-draw1,FRONTIER,S2b-011,S2b,11,0,0.5
part1-draw1,FRONTIER,S2b-012,S2b,11,0,0.62
part1-draw1,FRONTIER,S2b-013,S2b,11,0,0.34
part1-draw1,FRONTIER,S2b-015,S2b,11,0,0.62
part1-draw1,FRONTIER,S2b-017,S2b,11,1,0.42
part1-draw1,FRONTIER,S2b-018,S2b,11,1,0.58
part1-draw1,FRONTIER,S2b-019,S2b,11,1,0.89
part1-draw1,FRONTIER,S2b-021,S2b,11,1,0.45
part1-draw1,FRONTIER,S2b-022,S2b,11,1,0.82
part1-draw1,FRONTIER,S2b-023,S2b,11,1,0.8
part1-draw1,FRONTIER,S2b-024,S2b,11,1,0.5
part1-draw1,FRONTIER,S2b-025,S2b,11,0,0.5
part1-draw1,FRONTIER,S2b-026,S2b,11,0,0.5
part1-draw1,FRONTIER,S2b-028,S2b,11,0,0.45
part1-draw1,FRONTIER,S2b-029,S2b,11,0,0.46
part1-draw1,FRONTIER,S2b-030,S2b,11,0,0.35
part1-draw1,FRONTIER,S2b-031,S2b,11,1,0.88
part1-draw1,FRONTIER,S2b-032,S2b,11,1,0.86
part1-draw1,FRONTIER,S2b-033,S2b,11,1,0.68
part1-draw1,FRONTIER,S2b-034,S2b,11,1,0.6
part1-draw1,FRONTIER,S2b-035,S2b,11,1,0.8
part1-draw1,FRONTIER,S2b-037,S2b,11,0,0.3
part1-draw1,FRONTIER,S2b-038,S2b,11,1,0.864
part1-draw1,FRONTIER,S2b-040,S2b,11,1,0.88
part1-draw1,FRONTIER,S2b-041,S2b,11,1,0.94
part1-draw1,FRONTIER,S2b-042,S2b,11,1,0.949
part1-draw1,FRONTIER,S2b-043,S2b,11,1,0.8944723618090452
part1-draw1,FRONTIER,S2b-045,S2b,11,1,0.5
part1-draw1,FRONTIER,S2b-046,S2b,11,1,0.914
part1-draw1,FRONTIER,S2b-047,S2b,11,1,0.96
part1-draw1,FRONTIER,S2b-049,S2b,11,1,0.45
part1-draw1,FRONTIER,S2b-050,S2b,11,1,0.84
part1-draw1,FRONTIER,S2b-051,S2b,11,1,0.55
part1-draw1,FRONTIER,S2b-052,S2b,11,1,0.9514851485148514
part1-draw1,FRONTIER,S2b-054,S2b,11,1,0.42
part1-draw1,FRONTIER,S2b-055,S2b,11,0,0.3
part1-draw1,FRONTIER,S2b-056,S2b,11,0,0.36
part1-draw1,FRONTIER,S2b-059,S2b,11,0,0.3
part1-draw1,FRONTIER,S2c-000,S2c,9,0,0.35
part1-draw1,FRONTIER,S2c-001,S2c,9,0,0.22
part1-draw1,FRONTIER,S2c-003,S2c,9,1,0.32
part1-draw1,FRONTIER,S2c-004,S2c,9,0,0.3
part1-draw1,FRONTIER,S2c-005,S2c,9,0,0.3
part1-draw1,FRONTIER,S2c-006,S2c,9,0,0.2
part1-draw1,FRONTIER,S2c-008,S2c,9,0,0.32
part1-draw1,FRONTIER,S2c-009,S2c,9,0,0.3
part1-draw1,FRONTIER,S2c-010,S2c,9,1,0.27
part1-draw1,FRONTIER,S2c-011,S2c,9,1,0.26
part1-draw1,FRONTIER,S2c-012,S2c,9,0,0.24
part1-draw1,FRONTIER,S2c-013,S2c,9,1,0.5
part1-draw1,FRONTIER,S2c-014,S2c,9,1,0.3
part1-draw1,FRONTIER,S2c-016,S2c,9,1,0.6
part1-draw1,FRONTIER,S2c-017,S2c,9,0,0.22
part1-draw1,FRONTIER,S2c-018,S2c,9,0,0.33
part1-draw1,FRONTIER,S2c-019,S2c,9,0,0.33
part1-draw1,FRONTIER,S2c-020,S2c,9,0,0.5
part1-draw1,FRONTIER,S2c-022,S2c,9,0,0.3
part1-draw1,FRONTIER,S2c-023,S2c,9,0,0.25
part1-draw1,FRONTIER,S2c-024,S2c,9,0,0.24
part1-draw1,FRONTIER,S2c-025,S2c,9,1,0.53
part1-draw1,FRONTIER,S2c-026,S2c,9,1,0.7
part1-draw1,FRONTIER,S2c-027,S2c,9,1,0.42
part1-draw1,FRONTIER,S2c-028,S2c,9,0,0.22
part1-draw1,FRONTIER,S2c-029,S2c,9,0,0.4
part1-draw1,FRONTIER,S2c-030,S2c,9,1,0.45
part1-draw1,FRONTIER,S2c-031,S2c,9,1,0.3
part1-draw1,FRONTIER,S2c-033,S2c,9,0,0.4
part1-draw1,FRONTIER,S2c-035,S2c,9,1,0.5
part1-draw1,FRONTIER,S2c-037,S2c,9,0,0.42
part1-draw1,FRONTIER,S2c-038,S2c,9,1,0.33
part1-draw1,FRONTIER,S2c-039,S2c,9,0,0.35
part1-draw1,FRONTIER,S2c-040,S2c,9,1,0.28
part1-draw1,FRONTIER,S2c-041,S2c,9,1,0.45
part1-draw1,FRONTIER,S2c-042,S2c,9,0,0.25
part1-draw1,FRONTIER,S2c-043,S2c,9,0,0.24
part1-draw1,FRONTIER,S2c-044,S2c,9,0,0.4
part1-draw1,FRONTIER,S2c-045,S2c,9,0,0.18
part1-draw1,FRONTIER,S2c-046,S2c,9,1,0.62
part1-draw1,FRONTIER,S2c-050,S2c,9,1,0.3
part1-draw1,FRONTIER,S2c-051,S2c,9,1,0.2
part1-draw1,FRONTIER,S2c-052,S2c,9,0,0.32
part1-draw1,FRONTIER,S2c-053,S2c,9,1,0.22
part1-draw1,FRONTIER,S2c-054,S2c,9,1,0.19
part1-draw1,FRONTIER,S2c-056,S2c,9,0,0.4
part1-draw1,FRONTIER,S2c-057,S2c,9,0,0.2
part1-draw1,FRONTIER,S2c-058,S2c,9,1,0.24
part1-draw1,JEV,S2a-000,S2a,20,1,0.54
part1-draw1,JEV,S2a-001,S2a,20,0,0.24
part1-draw1,JEV,S2a-003,S2a,20,0,0.43
part1-draw1,JEV,S2a-004,S2a,20,0,0.59
part1-draw1,JEV,S2a-005,S2a,20,0,0.32
part1-draw1,JEV,S2a-006,S2a,20,0,0.21000000000000002
part1-draw1,JEV,S2a-007,S2a,20,0,0.27999999999999997
part1-draw1,JEV,S2a-008,S2a,20,0,0.33
part1-draw1,JEV,S2a-009,S2a,20,0,0.3
part1-draw1,JEV,S2a-011,S2a,20,0,0.45
part1-draw1,JEV,S2a-013,S2a,20,0,0.33
part1-draw1,JEV,S2a-014,S2a,20,0,0.65
part1-draw1,JEV,S2a-015,S2a,20,0,0.38
part1-draw1,JEV,S2a-017,S2a,20,0,0.36
part1-draw1,JEV,S2a-018,S2a,20,0,0.34
part1-draw1,JEV,S2a-019,S2a,20,0,0.22
part1-draw1,JEV,S2a-022,S2a,20,0,0.39999999999999997
part1-draw1,JEV,S2a-023,S2a,20,1,0.7
part1-draw1,JEV,S2a-025,S2a,20,0,0.25
part1-draw1,JEV,S2a-026,S2a,20,1,0.5
part1-draw1,JEV,S2a-027,S2a,20,0,0.22
part1-draw1,JEV,S2a-028,S2a,20,0,0.26
part1-draw1,JEV,S2a-030,S2a,20,0,0.32
part1-draw1,JEV,S2a-031,S2a,20,0,0.19
part1-draw1,JEV,S2a-033,S2a,20,1,0.47
part1-draw1,JEV,S2a-036,S2a,20,0,0.39
part1-draw1,JEV,S2a-037,S2a,20,0,0.75
part1-draw1,JEV,S2a-038,S2a,20,0,0.23
part1-draw1,JEV,S2a-039,S2a,20,0,0.19
part1-draw1,JEV,S2a-040,S2a,20,0,0.15
part1-draw1,JEV,S2a-041,S2a,20,0,0.44
part1-draw1,JEV,S2a-042,S2a,20,0,0.26
part1-draw1,JEV,S2a-043,S2a,20,0,0.32
part1-draw1,JEV,S2a-044,S2a,20,1,0.33
part1-draw1,JEV,S2a-045,S2a,20,0,0.59
part1-draw1,JEV,S2a-046,S2a,20,0,0.36
part1-draw1,JEV,S2a-047,S2a,20,0,0.27999999999999997
part1-draw1,JEV,S2a-048,S2a,20,0,0.17
part1-draw1,JEV,S2a-049,S2a,20,0,0.35
part1-draw1,JEV,S2a-050,S2a,20,0,0.26
part1-draw1,JEV,S2a-051,S2a,20,0,0.49
part1-draw1,JEV,S2a-052,S2a,20,0,0.3
part1-draw1,JEV,S2a-053,S2a,20,0,0.32
part1-draw1,JEV,S2a-054,S2a,20,0,0.5
part1-draw1,JEV,S2a-055,S2a,20,0,0.19999999999999998
part1-draw1,JEV,S2a-056,S2a,20,0,0.3
part1-draw1,JEV,S2a-057,S2a,20,0,0.18
part1-draw1,JEV,S2a-058,S2a,20,0,0.35
part1-draw1,JEV,S2b-000,S2b,11,1,0.7
part1-draw1,JEV,S2b-001,S2b,11,1,0.33
part1-draw1,JEV,S2b-002,S2b,11,0,0.71
part1-draw1,JEV,S2b-003,S2b,11,0,0.7
part1-draw1,JEV,S2b-004,S2b,11,0,0.38
part1-draw1,JEV,S2b-005,S2b,11,0,0.87
part1-draw1,JEV,S2b-006,S2b,11,0,0.99
part1-draw1,JEV,S2b-007,S2b,11,0,0.84
part1-draw1,JEV,S2b-008,S2b,11,0,0.92
part1-draw1,JEV,S2b-010,S2b,11,0,0.27999999999999997
part1-draw1,JEV,S2b-011,S2b,11,0,0.56
part1-draw1,JEV,S2b-012,S2b,11,0,0.84
part1-draw1,JEV,S2b-013,S2b,11,1,0.35000000000000003
part1-draw1,JEV,S2b-015,S2b,11,0,0.5
part1-draw1,JEV,S2b-017,S2b,11,0,0.31
part1-draw1,JEV,S2b-018,S2b,11,1,1.0
part1-draw1,JEV,S2b-019,S2b,11,1,1.0
part1-draw1,JEV,S2b-021,S2b,11,0,0.68
part1-draw1,JEV,S2b-022,S2b,11,1,0.99
part1-draw1,JEV,S2b-023,S2b,11,1,0.93
part1-draw1,JEV,S2b-024,S2b,11,0,0.43
part1-draw1,JEV,S2b-025,S2b,11,0,0.75
part1-draw1,JEV,S2b-026,S2b,11,0,0.41
part1-draw1,JEV,S2b-028,S2b,11,0,0.39
part1-draw1,JEV,S2b-029,S2b,11,0,0.46
part1-draw1,JEV,S2b-030,S2b,11,0,0.54
part1-draw1,JEV,S2b-031,S2b,11,1,0.79
part1-draw1,JEV,S2b-032,S2b,11,1,0.78
part1-draw1,JEV,S2b-033,S2b,11,0,0.74
part1-draw1,JEV,S2b-034,S2b,11,0,0.83
part1-draw1,JEV,S2b-035,S2b,11,0,0.24
part1-draw1,JEV,S2b-037,S2b,11,0,0.54
part1-draw1,JEV,S2b-038,S2b,11,1,1.0
part1-draw1,JEV,S2b-040,S2b,11,1,1.0
part1-draw1,JEV,S2b-041,S2b,11,1,0.95
part1-draw1,JEV,S2b-042,S2b,11,1,0.89
part1-draw1,JEV,S2b-043,S2b,11,1,0.49
part1-draw1,JEV,S2b-045,S2b,11,0,0.27
part1-draw1,JEV,S2b-046,S2b,11,1,0.9393939393939393
part1-draw1,JEV,S2b-047,S2b,11,1,0.99
part1-draw1,JEV,S2b-049,S2b,11,0,0.75
part1-draw1,JEV,S2b-050,S2b,11,0,0.4
part1-draw1,JEV,S2b-051,S2b,11,1,0.55
part1-draw1,JEV,S2b-052,S2b,11,1,0.96
part1-draw1,JEV,S2b-054,S2b,11,1,0.51
part1-draw1,JEV,S2b-055,S2b,11,0,0.54
part1-draw1,JEV,S2b-056,S2b,11,0,0.37
part1-draw1,JEV,S2b-059,S2b,11,0,0.23
part1-draw1,JEV,S2c-000,S2c,9,0,0.22
part1-draw1,JEV,S2c-001,S2c,9,0,0.25
part1-draw1,JEV,S2c-003,S2c,9,1,0.26
part1-draw1,JEV,S2c-004,S2c,9,1,0.28
part1-draw1,JEV,S2c-005,S2c,9,1,0.28
part1-draw1,JEV,S2c-006,S2c,9,0,0.33
part1-draw1,JEV,S2c-008,S2c,9,0,0.69
part1-draw1,JEV,S2c-009,S2c,9,0,0.36
part1-draw1,JEV,S2c-010,S2c,9,0,0.37
part1-draw1,JEV,S2c-011,S2c,9,0,0.43
part1-draw1,JEV,S2c-012,S2c,9,0,0.33
part1-draw1,JEV,S2c-013,S2c,9,0,0.47
part1-draw1,JEV,S2c-014,S2c,9,0,0.27
part1-draw1,JEV,S2c-016,S2c,9,1,0.82
part1-draw1,JEV,S2c-017,S2c,9,0,0.83
part1-draw1,JEV,S2c-018,S2c,9,1,0.22
part1-draw1,JEV,S2c-019,S2c,9,0,0.22
part1-draw1,JEV,S2c-020,S2c,9,0,0.26
part1-draw1,JEV,S2c-022,S2c,9,0,0.28
part1-draw1,JEV,S2c-023,S2c,9,0,0.33
part1-draw1,JEV,S2c-024,S2c,9,0,0.35
part1-draw1,JEV,S2c-025,S2c,9,1,0.39
part1-draw1,JEV,S2c-026,S2c,9,1,0.33
part1-draw1,JEV,S2c-027,S2c,9,0,0.29000000000000004
part1-draw1,JEV,S2c-028,S2c,9,0,0.19999999999999998
part1-draw1,JEV,S2c-029,S2c,9,0,0.21
part1-draw1,JEV,S2c-030,S2c,9,1,0.68
part1-draw1,JEV,S2c-031,S2c,9,0,0.27
part1-draw1,JEV,S2c-033,S2c,9,0,0.24
part1-draw1,JEV,S2c-035,S2c,9,1,0.6
part1-draw1,JEV,S2c-037,S2c,9,0,0.3
part1-draw1,JEV,S2c-038,S2c,9,1,0.24000000000000002
part1-draw1,JEV,S2c-039,S2c,9,0,0.45
part1-draw1,JEV,S2c-040,S2c,9,0,0.43
part1-draw1,JEV,S2c-041,S2c,9,1,0.81
part1-draw1,JEV,S2c-042,S2c,9,0,0.25
part1-draw1,JEV,S2c-043,S2c,9,1,0.58
part1-draw1,JEV,S2c-044,S2c,9,0,0.36
part1-draw1,JEV,S2c-045,S2c,9,1,0.42
part1-draw1,JEV,S2c-046,S2c,9,1,0.92
part1-draw1,JEV,S2c-050,S2c,9,1,0.24242424242424243
part1-draw1,JEV,S2c-051,S2c,9,0,0.32
part1-draw1,JEV,S2c-052,S2c,9,0,0.21
part1-draw1,JEV,S2c-053,S2c,9,0,0.64
part1-draw1,JEV,S2c-054,S2c,9,0,0.22
part1-draw1,JEV,S2c-056,S2c,9,0,0.2
part1-draw1,JEV,S2c-057,S2c,9,0,0.29
part1-draw1,JEV,S2c-058,S2c,9,0,0.24
part1-draw1,LOCAL-P,S2a-000,S2a,20,0,0.3307500583809458
part1-draw1,LOCAL-P,S2a-001,S2a,20,0,0.43979464881271024
part1-draw1,LOCAL-P,S2a-003,S2a,20,0,0.9999800710733382
part1-draw1,LOCAL-P,S2a-004,S2a,20,0,0.99999990854678
part1-draw1,LOCAL-P,S2a-005,S2a,20,0,0.52259410738864
part1-draw1,LOCAL-P,S2a-006,S2a,20,0,0.9531251907554096
part1-draw1,LOCAL-P,S2a-007,S2a,20,0,0.8837084049529061
part1-draw1,LOCAL-P,S2a-008,S2a,20,0,0.5388266056290586
part1-draw1,LOCAL-P,S2a-009,S2a,20,0,0.6236380227391471
part1-draw1,LOCAL-P,S2a-011,S2a,20,0,0.8060282701462582
part1-draw1,LOCAL-P,S2a-013,S2a,20,0,0.9777925667707783
part1-draw1,LOCAL-P,S2a-014,S2a,20,0,0.9996732406363712
part1-draw1,LOCAL-P,S2a-015,S2a,20,0,0.5743581833931283
part1-draw1,LOCAL-P,S2a-017,S2a,20,1,0.6752604797340639
part1-draw1,LOCAL-P,S2a-018,S2a,20,0,0.7597219805475407
part1-draw1,LOCAL-P,S2a-019,S2a,20,0,0.5079947970250719
part1-draw1,LOCAL-P,S2a-022,S2a,20,0,0.9053929305257497
part1-draw1,LOCAL-P,S2a-023,S2a,20,1,0.999788481688588
part1-draw1,LOCAL-P,S2a-025,S2a,20,0,0.8552414077329705
part1-draw1,LOCAL-P,S2a-026,S2a,20,1,0.9987513802818483
part1-draw1,LOCAL-P,S2a-027,S2a,20,0,0.5941355884644669
part1-draw1,LOCAL-P,S2a-028,S2a,20,0,0.6968799976291234
part1-draw1,LOCAL-P,S2a-030,S2a,20,0,0.47559279226627854
part1-draw1,LOCAL-P,S2a-031,S2a,20,0,0.5025764551952798
part1-draw1,LOCAL-P,S2a-033,S2a,20,0,0.40998883582176643
part1-draw1,LOCAL-P,S2a-036,S2a,20,0,0.9013109433514174
part1-draw1,LOCAL-P,S2a-037,S2a,20,0,0.9999999999418208
part1-draw1,LOCAL-P,S2a-038,S2a,20,0,0.8724921046909623
part1-draw1,LOCAL-P,S2a-039,S2a,20,0,0.9946192690013763
part1-draw1,LOCAL-P,S2a-040,S2a,20,0,0.9460859518959588
part1-draw1,LOCAL-P,S2a-041,S2a,20,0,0.8149482179265054
part1-draw1,LOCAL-P,S2a-042,S2a,20,0,0.9000234435578623
part1-draw1,LOCAL-P,S2a-043,S2a,20,0,0.9265889749376022
part1-draw1,LOCAL-P,S2a-044,S2a,20,0,0.9633557992090992
part1-draw1,LOCAL-P,S2a-045,S2a,20,0,0.986549533483279
part1-draw1,LOCAL-P,S2a-046,S2a,20,0,0.9980344276629396
part1-draw1,LOCAL-P,S2a-047,S2a,20,0,0.9908038932883927
part1-draw1,LOCAL-P,S2a-048,S2a,20,0,0.8842136822736048
part1-draw1,LOCAL-P,S2a-049,S2a,20,0,0.9719400595280538
part1-draw1,LOCAL-P,S2a-050,S2a,20,0,0.9816061813844088
part1-draw1,LOCAL-P,S2a-051,S2a,20,0,0.9866467414837964
part1-draw1,LOCAL-P,S2a-052,S2a,20,0,0.8719906381043512
part1-draw1,LOCAL-P,S2a-053,S2a,20,0,0.9313193923788475
part1-draw1,LOCAL-P,S2a-054,S2a,20,0,0.9108032371440263
part1-draw1,LOCAL-P,S2a-055,S2a,20,0,0.983320379794607
part1-draw1,LOCAL-P,S2a-056,S2a,20,0,0.9690213237266675
part1-draw1,LOCAL-P,S2a-057,S2a,20,0,0.6046048465851749
part1-draw1,LOCAL-P,S2a-058,S2a,20,0,0.8164922236091182
part1-draw1,LOCAL-P,S2b-000,S2b,11,1,0.9991940297914712
part1-draw1,LOCAL-P,S2b-001,S2b,11,1,0.902651929999978
part1-draw1,LOCAL-P,S2b-002,S2b,11,1,0.9999975506859694
part1-draw1,LOCAL-P,S2b-003,S2b,11,0,0.9945975885900955
part1-draw1,LOCAL-P,S2b-004,S2b,11,0,0.9999779095321087
part1-draw1,LOCAL-P,S2b-005,S2b,11,0,0.9999999995419018
part1-draw1,LOCAL-P,S2b-006,S2b,11,0,0.9999999980296694
part1-draw1,LOCAL-P,S2b-007,S2b,11,0,0.9999999625307437
part1-draw1,LOCAL-P,S2b-008,S2b,11,0,0.9999992791752406
part1-draw1,LOCAL-P,S2b-010,S2b,11,1,0.5281416600700684
part1-draw1,LOCAL-P,S2b-011,S2b,11,0,0.9833593138496572
part1-draw1,LOCAL-P,S2b-012,S2b,11,0,0.9225123803118183
part1-draw1,LOCAL-P,S2b-013,S2b,11,1,0.9405276218278223
part1-draw1,LOCAL-P,S2b-015,S2b,11,0,0.9879267848397271
part1-draw1,LOCAL-P,S2b-017,S2b,11,0,0.8007587662456834
part1-draw1,LOCAL-P,S2b-018,S2b,11,1,0.9999999999995719
part1-draw1,LOCAL-P,S2b-019,S2b,11,1,0.9999999999971299
part1-draw1,LOCAL-P,S2b-021,S2b,11,0,0.9999904852832309
part1-draw1,LOCAL-P,S2b-022,S2b,11,1,0.9999999999987106
part1-draw1,LOCAL-P,S2b-023,S2b,11,1,0.8995719642747847
part1-draw1,LOCAL-P,S2b-024,S2b,11,1,0.9999824669440228
part1-draw1,LOCAL-P,S2b-025,S2b,11,0,0.9999999290533866
part1-draw1,LOCAL-P,S2b-026,S2b,11,0,0.9983579166029753
part1-draw1,LOCAL-P,S2b-028,S2b,11,0,0.8951318780320083
part1-draw1,LOCAL-P,S2b-029,S2b,11,0,0.5637521761697305
part1-draw1,LOCAL-P,S2b-030,S2b,11,1,0.9999676534540657
part1-draw1,LOCAL-P,S2b-031,S2b,11,1,0.9999999929456846
part1-draw1,LOCAL-P,S2b-032,S2b,11,1,0.9999999999274383
part1-draw1,LOCAL-P,S2b-033,S2b,11,0,0.9983512473797032
part1-draw1,LOCAL-P,S2b-034,S2b,11,0,0.9953058570431254
part1-draw1,LOCAL-P,S2b-035,S2b,11,0,0.6913337668927527
part1-draw1,LOCAL-P,S2b-037,S2b,11,0,0.565573993738448
part1-draw1,LOCAL-P,S2b-038,S2b,11,1,0.999999999749358
part1-draw1,LOCAL-P,S2b-040,S2b,11,1,0.999999999936392
part1-draw1,LOCAL-P,S2b-041,S2b,11,1,0.9999909992933874
part1-draw1,LOCAL-P,S2b-042,S2b,11,1,0.9999950195150182
part1-draw1,LOCAL-P,S2b-043,S2b,11,1,0.9999993491707037
part1-draw1,LOCAL-P,S2b-045,S2b,11,0,0.99999914361415
part1-draw1,LOCAL-P,S2b-046,S2b,11,1,0.9999988299317002
part1-draw1,LOCAL-P,S2b-047,S2b,11,1,0.9999994921203761
part1-draw1,LOCAL-P,S2b-049,S2b,11,0,0.999999874921615
part1-draw1,LOCAL-P,S2b-050,S2b,11,0,0.9999836180415443
part1-draw1,LOCAL-P,S2b-051,S2b,11,0,0.9998283590456255
part1-draw1,LOCAL-P,S2b-052,S2b,11,1,0.9999999986464756
part1-draw1,LOCAL-P,S2b-054,S2b,11,1,0.9999167814293769
part1-draw1,LOCAL-P,S2b-055,S2b,11,0,0.620423488532938
part1-draw1,LOCAL-P,S2b-056,S2b,11,0,0.9465109306931343
part1-draw1,LOCAL-P,S2b-059,S2b,11,0,0.9730069335738722
part1-draw1,LOCAL-P,S2c-000,S2c,9,0,0.9999637555348037
part1-draw1,LOCAL-P,S2c-001,S2c,9,0,0.8349153405520827
part1-draw1,LOCAL-P,S2c-003,S2c,9,1,0.8024255356997146
part1-draw1,LOCAL-P,S2c-004,S2c,9,0,0.9999996736331814
part1-draw1,LOCAL-P,S2c-005,S2c,9,0,0.7998924118169786
part1-draw1,LOCAL-P,S2c-006,S2c,9,0,0.9991082879750117
part1-draw1,LOCAL-P,S2c-008,S2c,9,0,0.9564929310421469
part1-draw1,LOCAL-P,S2c-009,S2c,9,0,0.8469167340893295
part1-draw1,LOCAL-P,S2c-010,S2c,9,0,0.8560780208765443
part1-draw1,LOCAL-P,S2c-011,S2c,9,0,0.3838554582680931
part1-draw1,LOCAL-P,S2c-012,S2c,9,1,0.9679521301279811
part1-draw1,LOCAL-P,S2c-013,S2c,9,0,0.7309197765517461
part1-draw1,LOCAL-P,S2c-014,S2c,9,0,0.6367742610712618
part1-draw1,LOCAL-P,S2c-016,S2c,9,1,0.7130379891688918
part1-draw1,LOCAL-P,S2c-017,S2c,9,0,0.7865206282552566
part1-draw1,LOCAL-P,S2c-018,S2c,9,0,0.3833512613648041
part1-draw1,LOCAL-P,S2c-019,S2c,9,0,0.7106533962701627
part1-draw1,LOCAL-P,S2c-020,S2c,9,0,0.9996729036885136
part1-draw1,LOCAL-P,S2c-022,S2c,9,0,0.4343928513806581
part1-draw1,LOCAL-P,S2c-023,S2c,9,0,0.37325048445903003
part1-draw1,LOCAL-P,S2c-024,S2c,9,0,0.8425842670090227
part1-draw1,LOCAL-P,S2c-025,S2c,9,1,0.39277528738524387
part1-draw1,LOCAL-P,S2c-026,S2c,9,0,0.7464968571384324
part1-draw1,LOCAL-P,S2c-027,S2c,9,0,0.9963183004381514
part1-draw1,LOCAL-P,S2c-028,S2c,9,0,0.6202542327030744
part1-draw1,LOCAL-P,S2c-029,S2c,9,0,0.9728861609225687
part1-draw1,LOCAL-P,S2c-030,S2c,9,0,0.6464389594390205
part1-draw1,LOCAL-P,S2c-031,S2c,9,0,0.7975366983615274
part1-draw1,LOCAL-P,S2c-033,S2c,9,0,0.9936292174616814
part1-draw1,LOCAL-P,S2c-035,S2c,9,1,0.8754232698164018
part1-draw1,LOCAL-P,S2c-037,S2c,9,0,0.9639477783117637
part1-draw1,LOCAL-P,S2c-038,S2c,9,0,0.999958136543893
part1-draw1,LOCAL-P,S2c-039,S2c,9,0,0.5576877991846786
part1-draw1,LOCAL-P,S2c-040,S2c,9,0,0.8213150900824916
part1-draw1,LOCAL-P,S2c-041,S2c,9,1,0.9998440064712092
part1-draw1,LOCAL-P,S2c-042,S2c,9,0,0.9946444522278303
part1-draw1,LOCAL-P,S2c-043,S2c,9,0,0.363574413370191
part1-draw1,LOCAL-P,S2c-044,S2c,9,0,0.9955633091253537
part1-draw1,LOCAL-P,S2c-045,S2c,9,1,0.7455193858311082
part1-draw1,LOCAL-P,S2c-046,S2c,9,1,0.9999999981742316
part1-draw1,LOCAL-P,S2c-050,S2c,9,1,0.5069078984570228
part1-draw1,LOCAL-P,S2c-051,S2c,9,0,0.9050564349276753
part1-draw1,LOCAL-P,S2c-052,S2c,9,0,0.9090297174245353
part1-draw1,LOCAL-P,S2c-053,S2c,9,0,0.48164917950218084
part1-draw1,LOCAL-P,S2c-054,S2c,9,0,0.37540458841253677
part1-draw1,LOCAL-P,S2c-056,S2c,9,0,0.466066292090992
part1-draw1,LOCAL-P,S2c-057,S2c,9,1,0.8814849400407968
part1-draw1,LOCAL-P,S2c-058,S2c,9,0,0.6009189505047724
part2,FRONTIER,S2a-000,S2a,20,1,0.326530612244898
part2,FRONTIER,S2a-001,S2a,20,0,0.163265306122449
part2,FRONTIER,S2a-003,S2a,20,0,0.34
part2,FRONTIER,S2a-004,S2a,20,0,0.2
part2,FRONTIER,S2a-005,S2a,20,1,0.38461538461538464
part2,FRONTIER,S2a-006,S2a,20,1,0.7070707070707071
part2,FRONTIER,S2a-007,S2a,20,1,0.20754716981132074
part2,FRONTIER,S2a-008,S2a,20,0,0.07692307692307693
part2,FRONTIER,S2a-009,S2a,20,0,0.09
part2,FRONTIER,S2a-011,S2a,20,0,0.1
part2,FRONTIER,S2a-013,S2a,20,0,0.1
part2,FRONTIER,S2a-014,S2a,20,0,0.12
part2,FRONTIER,S2a-015,S2a,20,0,0.3584905660377358
part2,FRONTIER,S2a-017,S2a,20,0,0.13861386138613863
part2,FRONTIER,S2a-018,S2a,20,0,0.3
part2,FRONTIER,S2a-019,S2a,20,0,0.18
part2,FRONTIER,S2a-022,S2a,20,0,0.22
part2,FRONTIER,S2a-023,S2a,20,1,0.88
part2,FRONTIER,S2a-025,S2a,20,0,0.1
part2,FRONTIER,S2a-026,S2a,20,0,0.5
part2,FRONTIER,S2a-027,S2a,20,0,0.25
part2,FRONTIER,S2a-028,S2a,20,1,0.801980198019802
part2,FRONTIER,S2a-030,S2a,20,0,0.08
part2,FRONTIER,S2a-031,S2a,20,1,0.2
part2,FRONTIER,S2a-033,S2a,20,0,0.12
part2,FRONTIER,S2a-036,S2a,20,1,0.125
part2,FRONTIER,S2a-037,S2a,20,0,0.12
part2,FRONTIER,S2a-038,S2a,20,0,0.12
part2,FRONTIER,S2a-039,S2a,20,0,0.14
part2,FRONTIER,S2a-040,S2a,20,0,0.1
part2,FRONTIER,S2a-041,S2a,20,1,0.33962264150943394
part2,FRONTIER,S2a-042,S2a,20,0,0.24
part2,FRONTIER,S2a-043,S2a,20,0,0.17
part2,FRONTIER,S2a-044,S2a,20,1,0.3
part2,FRONTIER,S2a-045,S2a,20,0,0.09090909090909091
part2,FRONTIER,S2a-046,S2a,20,0,0.1
part2,FRONTIER,S2a-047,S2a,20,0,0.1
part2,FRONTIER,S2a-048,S2a,20,0,0.15
part2,FRONTIER,S2a-049,S2a,20,0,0.09523809523809523
part2,FRONTIER,S2a-050,S2a,20,0,0.125
part2,FRONTIER,S2a-051,S2a,20,0,0.08
part2,FRONTIER,S2a-052,S2a,20,0,0.14
part2,FRONTIER,S2a-053,S2a,20,0,0.07
part2,FRONTIER,S2a-054,S2a,20,0,0.1
part2,FRONTIER,S2a-055,S2a,20,0,0.08653846153846154
part2,FRONTIER,S2a-056,S2a,20,0,0.19047619047619047
part2,FRONTIER,S2a-057,S2a,20,0,0.11
part2,FRONTIER,S2a-058,S2a,20,1,0.2727272727272727
part2,FRONTIER,S2b-000,S2b,11,1,0.66
part2,FRONTIER,S2b-001,S2b,11,1,0.45
part2,FRONTIER,S2b-002,S2b,11,1,0.88
part2,FRONTIER,S2b-003,S2b,11,0,0.55
part2,FRONTIER,S2b-004,S2b,11,0,0.48
part2,FRONTIER,S2b-005,S2b,11,0,0.45
part2,FRONTIER,S2b-006,S2b,11,0,0.88
part2,FRONTIER,S2b-007,S2b,11,0,0.86
part2,FRONTIER,S2b-008,S2b,11,0,0.5
part2,FRONTIER,S2b-010,S2b,11,0,0.3
part2,FRONTIER,S2b-011,S2b,11,0,0.5
part2,FRONTIER,S2b-012,S2b,11,0,0.65
part2,FRONTIER,S2b-013,S2b,11,0,0.32
part2,FRONTIER,S2b-015,S2b,11,0,0.5
part2,FRONTIER,S2b-017,S2b,11,1,0.45
part2,FRONTIER,S2b-018,S2b,11,1,0.6
part2,FRONTIER,S2b-019,S2b,11,1,0.9
part2,FRONTIER,S2b-021,S2b,11,1,0.42
part2,FRONTIER,S2b-022,S2b,11,1,0.84
part2,FRONTIER,S2b-023,S2b,11,1,0.82
part2,FRONTIER,S2b-024,S2b,11,1,0.5
part2,FRONTIER,S2b-025,S2b,11,0,0.45
part2,FRONTIER,S2b-026,S2b,11,0,0.5
part2,FRONTIER,S2b-028,S2b,11,0,0.4
part2,FRONTIER,S2b-029,S2b,11,0,0.55
part2,FRONTIER,S2b-030,S2b,11,0,0.32
part2,FRONTIER,S2b-031,S2b,11,1,0.85
part2,FRONTIER,S2b-032,S2b,11,1,0.82
part2,FRONTIER,S2b-033,S2b,11,1,0.72
part2,FRONTIER,S2b-034,S2b,11,1,0.62
part2,FRONTIER,S2b-035,S2b,11,1,0.7
part2,FRONTIER,S2b-037,S2b,11,0,0.38
part2,FRONTIER,S2b-038,S2b,11,1,0.87
part2,FRONTIER,S2b-040,S2b,11,1,0.86
part2,FRONTIER,S2b-041,S2b,11,1,0.9346733668341709
part2,FRONTIER,S2b-042,S2b,11,1,0.93
part2,FRONTIER,S2b-043,S2b,11,1,0.9154228855721392
part2,FRONTIER,S2b-045,S2b,11,1,0.58
part2,FRONTIER,S2b-046,S2b,11,1,0.91
part2,FRONTIER,S2b-047,S2b,11,1,0.95
part2,FRONTIER,S2b-049,S2b,11,1,0.41
part2,FRONTIER,S2b-050,S2b,11,1,0.83
part2,FRONTIER,S2b-051,S2b,11,1,0.55
part2,FRONTIER,S2b-052,S2b,11,1,0.92
part2,FRONTIER,S2b-054,S2b,11,1,0.45
part2,FRONTIER,S2b-055,S2b,11,1,0.36
part2,FRONTIER,S2b-056,S2b,11,0,0.27
part2,FRONTIER,S2b-059,S2b,11,0,0.3
part2,FRONTIER,S2c-000,S2c,9,0,0.32
part2,FRONTIER,S2c-001,S2c,9,0,0.2
part2,FRONTIER,S2c-003,S2c,9,0,0.3
part2,FRONTIER,S2c-004,S2c,9,0,0.3
part2,FRONTIER,S2c-005,S2c,9,0,0.24
part2,FRONTIER,S2c-006,S2c,9,0,0.27
part2,FRONTIER,S2c-008,S2c,9,0,0.4
part2,FRONTIER,S2c-009,S2c,9,0,0.25
part2,FRONTIER,S2c-010,S2c,9,0,0.2
part2,FRONTIER,S2c-011,S2c,9,1,0.26
part2,FRONTIER,S2c-012,S2c,9,0,0.3
part2,FRONTIER,S2c-013,S2c,9,1,0.5
part2,FRONTIER,S2c-014,S2c,9,0,0.22
part2,FRONTIER,S2c-016,S2c,9,1,0.55
part2,FRONTIER,S2c-017,S2c,9,0,0.2
part2,FRONTIER,S2c-018,S2c,9,0,0.2
part2,FRONTIER,S2c-019,S2c,9,0,0.42
part2,FRONTIER,S2c-020,S2c,9,0,0.42
part2,FRONTIER,S2c-022,S2c,9,0,0.27
part2,FRONTIER,S2c-023,S2c,9,0,0.36
part2,FRONTIER,S2c-024,S2c,9,0,0.2
part2,FRONTIER,S2c-025,S2c,9,1,0.55
part2,FRONTIER,S2c-026,S2c,9,1,0.38
part2,FRONTIER,S2c-027,S2c,9,1,0.3
part2,FRONTIER,S2c-028,S2c,9,0,0.18
part2,FRONTIER,S2c-029,S2c,9,0,0.3
part2,FRONTIER,S2c-030,S2c,9,1,0.72
part2,FRONTIER,S2c-031,S2c,9,1,0.3
part2,FRONTIER,S2c-033,S2c,9,0,0.38
part2,FRONTIER,S2c-035,S2c,9,1,0.62
part2,FRONTIER,S2c-037,S2c,9,0,0.55
part2,FRONTIER,S2c-038,S2c,9,1,0.3
part2,FRONTIER,S2c-039,S2c,9,0,0.35
part2,FRONTIER,S2c-040,S2c,9,1,0.2
part2,FRONTIER,S2c-041,S2c,9,1,0.55
part2,FRONTIER,S2c-042,S2c,9,0,0.23
part2,FRONTIER,S2c-043,S2c,9,1,0.2
part2,FRONTIER,S2c-044,S2c,9,0,0.42
part2,FRONTIER,S2c-045,S2c,9,0,0.2
part2,FRONTIER,S2c-046,S2c,9,1,0.62
part2,FRONTIER,S2c-050,S2c,9,1,0.24
part2,FRONTIER,S2c-051,S2c,9,0,0.22
part2,FRONTIER,S2c-052,S2c,9,0,0.32
part2,FRONTIER,S2c-053,S2c,9,1,0.28
part2,FRONTIER,S2c-054,S2c,9,0,0.14
part2,FRONTIER,S2c-056,S2c,9,0,0.42
part2,FRONTIER,S2c-057,S2c,9,0,0.16
part2,FRONTIER,S2c-058,S2c,9,1,0.3
part2,FRONTIER+CTX,S2a-000,S2a,20,1,0.8365384615384615
part2,FRONTIER+CTX,S2a-001,S2a,20,0,0.21568627450980393
part2,FRONTIER+CTX,S2a-003,S2a,20,1,0.5825242718446602
part2,FRONTIER+CTX,S2a-004,S2a,20,1,0.8308308308308308
part2,FRONTIER+CTX,S2a-005,S2a,20,1,0.35185185185185186
part2,FRONTIER+CTX,S2a-006,S2a,20,1,0.73
part2,FRONTIER+CTX,S2a-007,S2a,20,1,0.5
part2,FRONTIER+CTX,S2a-008,S2a,20,0,0.29411764705882354
part2,FRONTIER+CTX,S2a-009,S2a,20,1,0.8991008991008991
part2,FRONTIER+CTX,S2a-011,S2a,20,1,0.57
part2,FRONTIER+CTX,S2a-013,S2a,20,0,0.24038461538461536
part2,FRONTIER+CTX,S2a-014,S2a,20,1,0.9036144578313253
part2,FRONTIER+CTX,S2a-015,S2a,20,0,0.45
part2,FRONTIER+CTX,S2a-017,S2a,20,0,0.27
part2,FRONTIER+CTX,S2a-018,S2a,20,1,0.7236180904522613
part2,FRONTIER+CTX,S2a-019,S2a,20,1,0.4716981132075471
part2,FRONTIER+CTX,S2a-022,S2a,20,1,0.8415841584158416
part2,FRONTIER+CTX,S2a-023,S2a,20,1,0.8399209486166007
part2,FRONTIER+CTX,S2a-025,S2a,20,0,0.24
part2,FRONTIER+CTX,S2a-026,S2a,20,1,0.7839195979899498
part2,FRONTIER+CTX,S2a-027,S2a,20,1,0.5961538461538461
part2,FRONTIER+CTX,S2a-028,S2a,20,1,0.7648183556405354
part2,FRONTIER+CTX,S2a-030,S2a,20,1,0.8946322067594433
part2,FRONTIER+CTX,S2a-031,S2a,20,1,0.49019607843137253
part2,FRONTIER+CTX,S2a-033,S2a,20,1,0.62
part2,FRONTIER+CTX,S2a-036,S2a,20,1,0.8910891089108911
part2,FRONTIER+CTX,S2a-037,S2a,20,1,0.9281437125748504
part2,FRONTIER+CTX,S2a-038,S2a,20,1,0.5849056603773585
part2,FRONTIER+CTX,S2a-039,S2a,20,1,0.39603960396039606
part2,FRONTIER+CTX,S2a-040,S2a,20,1,0.8585858585858586
part2,FRONTIER+CTX,S2a-041,S2a,20,1,0.28846153846153844
part2,FRONTIER+CTX,S2a-042,S2a,20,1,0.7804878048780487
part2,FRONTIER+CTX,S2a-043,S2a,20,1,0.6169154228855722
part2,FRONTIER+CTX,S2a-044,S2a,20,0,0.3
part2,FRONTIER+CTX,S2a-045,S2a,20,0,0.5445544554455446
part2,FRONTIER+CTX,S2a-046,S2a,20,0,0.4117647058823529
part2,FRONTIER+CTX,S2a-047,S2a,20,0,0.5
part2,FRONTIER+CTX,S2a-048,S2a,20,0,0.693069306930693
part2,FRONTIER+CTX,S2a-049,S2a,20,1,0.73
part2,FRONTIER+CTX,S2a-050,S2a,20,1,0.7647058823529412
part2,FRONTIER+CTX,S2a-051,S2a,20,1,0.66
part2,FRONTIER+CTX,S2a-052,S2a,20,1,0.4411764705882353
part2,FRONTIER+CTX,S2a-053,S2a,20,1,0.8756218905472636
part2,FRONTIER+CTX,S2a-054,S2a,20,1,0.8432539682539683
part2,FRONTIER+CTX,S2a-055,S2a,20,0,0.25
part2,FRONTIER+CTX,S2a-056,S2a,20,1,0.7425742574257426
part2,FRONTIER+CTX,S2a-057,S2a,20,0,0.5994005994005994
part2,FRONTIER+CTX,S2a-058,S2a,20,1,0.7839195979899498
part2,FRONTIER+CTX,S2b-000,S2b,11,1,0.4
part2,FRONTIER+CTX,S2b-001,S2b,11,0,0.3
part2,FRONTIER+CTX,S2b-002,S2b,11,1,0.72
part2,FRONTIER+CTX,S2b-003,S2b,11,0,0.5
part2,FRONTIER+CTX,S2b-004,S2b,11,0,0.6
part2,FRONTIER+CTX,S2b-005,S2b,11,0,0.5
part2,FRONTIER+CTX,S2b-006,S2b,11,0,0.5800000000000001
part2,FRONTIER+CTX,S2b-007,S2b,11,0,0.62
part2,FRONTIER+CTX,S2b-008,S2b,11,0,0.45
part2,FRONTIER+CTX,S2b-010,S2b,11,0,0.45
part2,FRONTIER+CTX,S2b-011,S2b,11,0,0.35
part2,FRONTIER+CTX,S2b-012,S2b,11,0,0.38
part2,FRONTIER+CTX,S2b-013,S2b,11,0,0.4
part2,FRONTIER+CTX,S2b-015,S2b,11,0,0.32
part2,FRONTIER+CTX,S2b-017,S2b,11,1,0.38
part2,FRONTIER+CTX,S2b-018,S2b,11,1,0.52
part2,FRONTIER+CTX,S2b-019,S2b,11,1,0.66
part2,FRONTIER+CTX,S2b-021,S2b,11,0,0.25
part2,FRONTIER+CTX,S2b-022,S2b,11,1,0.86
part2,FRONTIER+CTX,S2b-023,S2b,11,1,0.44
part2,FRONTIER+CTX,S2b-024,S2b,11,1,0.66
part2,FRONTIER+CTX,S2b-025,S2b,11,1,0.41
part2,FRONTIER+CTX,S2b-026,S2b,11,1,0.38
part2,FRONTIER+CTX,S2b-028,S2b,11,1,0.78
part2,FRONTIER+CTX,S2b-029,S2b,11,1,0.62
part2,FRONTIER+CTX,S2b-030,S2b,11,1,0.88
part2,FRONTIER+CTX,S2b-031,S2b,11,1,0.74
part2,FRONTIER+CTX,S2b-032,S2b,11,1,0.82
part2,FRONTIER+CTX,S2b-033,S2b,11,1,0.84
part2,FRONTIER+CTX,S2b-034,S2b,11,1,0.9
part2,FRONTIER+CTX,S2b-035,S2b,11,1,0.87
part2,FRONTIER+CTX,S2b-037,S2b,11,0,0.4
part2,FRONTIER+CTX,S2b-038,S2b,11,1,0.876
part2,FRONTIER+CTX,S2b-040,S2b,11,1,0.85
part2,FRONTIER+CTX,S2b-041,S2b,11,1,0.915
part2,FRONTIER+CTX,S2b-042,S2b,11,1,0.845
part2,FRONTIER+CTX,S2b-043,S2b,11,1,0.8656716417910448
part2,FRONTIER+CTX,S2b-045,S2b,11,1,0.84
part2,FRONTIER+CTX,S2b-046,S2b,11,1,0.961
part2,FRONTIER+CTX,S2b-047,S2b,11,1,0.963
part2,FRONTIER+CTX,S2b-049,S2b,11,1,0.55
part2,FRONTIER+CTX,S2b-050,S2b,11,1,0.82
part2,FRONTIER+CTX,S2b-051,S2b,11,1,0.8
part2,FRONTIER+CTX,S2b-052,S2b,11,1,0.9
part2,FRONTIER+CTX,S2b-054,S2b,11,1,0.35
part2,FRONTIER+CTX,S2b-055,S2b,11,0,0.45
part2,FRONTIER+CTX,S2b-056,S2b,11,0,0.43
part2,FRONTIER+CTX,S2b-059,S2b,11,0,0.5
part2,FRONTIER+CTX,S2c-000,S2c,9,0,0.2
part2,FRONTIER+CTX,S2c-001,S2c,9,0,0.45
part2,FRONTIER+CTX,S2c-003,S2c,9,1,0.42
part2,FRONTIER+CTX,S2c-004,S2c,9,1,0.72
part2,FRONTIER+CTX,S2c-005,S2c,9,1,0.4
part2,FRONTIER+CTX,S2c-006,S2c,9,0,0.34
part2,FRONTIER+CTX,S2c-008,S2c,9,1,0.62
part2,FRONTIER+CTX,S2c-009,S2c,9,1,0.82
part2,FRONTIER+CTX,S2c-010,S2c,9,0,0.4
part2,FRONTIER+CTX,S2c-011,S2c,9,1,0.8
part2,FRONTIER+CTX,S2c-012,S2c,9,0,0.62
part2,FRONTIER+CTX,S2c-013,S2c,9,1,0.4
part2,FRONTIER+CTX,S2c-014,S2c,9,1,0.55
part2,FRONTIER+CTX,S2c-016,S2c,9,1,0.45
part2,FRONTIER+CTX,S2c-017,S2c,9,1,0.36
part2,FRONTIER+CTX,S2c-018,S2c,9,0,0.45
part2,FRONTIER+CTX,S2c-019,S2c,9,1,0.42
part2,FRONTIER+CTX,S2c-020,S2c,9,0,0.6
part2,FRONTIER+CTX,S2c-022,S2c,9,0,0.36
part2,FRONTIER+CTX,S2c-023,S2c,9,1,0.55
part2,FRONTIER+CTX,S2c-024,S2c,9,1,0.48
part2,FRONTIER+CTX,S2c-025,S2c,9,1,0.76
part2,FRONTIER+CTX,S2c-026,S2c,9,1,0.86
part2,FRONTIER+CTX,S2c-027,S2c,9,0,0.55
part2,FRONTIER+CTX,S2c-028,S2c,9,1,0.77
part2,FRONTIER+CTX,S2c-029,S2c,9,0,0.5
part2,FRONTIER+CTX,S2c-030,S2c,9,1,0.4
part2,FRONTIER+CTX,S2c-031,S2c,9,1,0.5
part2,FRONTIER+CTX,S2c-033,S2c,9,0,0.58
part2,FRONTIER+CTX,S2c-035,S2c,9,1,0.95
part2,FRONTIER+CTX,S2c-037,S2c,9,0,0.9
part2,FRONTIER+CTX,S2c-038,S2c,9,0,0.72
part2,FRONTIER+CTX,S2c-039,S2c,9,1,0.6
part2,FRONTIER+CTX,S2c-040,S2c,9,1,0.58
part2,FRONTIER+CTX,S2c-041,S2c,9,1,0.5
part2,FRONTIER+CTX,S2c-042,S2c,9,1,0.45
part2,FRONTIER+CTX,S2c-043,S2c,9,1,0.25
part2,FRONTIER+CTX,S2c-044,S2c,9,1,0.6
part2,FRONTIER+CTX,S2c-045,S2c,9,1,0.68
part2,FRONTIER+CTX,S2c-046,S2c,9,1,0.75
part2,FRONTIER+CTX,S2c-050,S2c,9,1,0.32
part2,FRONTIER+CTX,S2c-051,S2c,9,0,0.42
part2,FRONTIER+CTX,S2c-052,S2c,9,0,0.75
part2,FRONTIER+CTX,S2c-053,S2c,9,0,0.5
part2,FRONTIER+CTX,S2c-054,S2c,9,0,0.55
part2,FRONTIER+CTX,S2c-056,S2c,9,0,0.3
part2,FRONTIER+CTX,S2c-057,S2c,9,0,0.3
part2,FRONTIER+CTX,S2c-058,S2c,9,0,0.25
part2,JEV,S2a-000,S2a,20,1,0.56
part2,JEV,S2a-001,S2a,20,0,0.22
part2,JEV,S2a-003,S2a,20,0,0.38
part2,JEV,S2a-004,S2a,20,0,0.5656565656565656
part2,JEV,S2a-005,S2a,20,0,0.31
part2,JEV,S2a-006,S2a,20,0,0.21
part2,JEV,S2a-007,S2a,20,0,0.33
part2,JEV,S2a-008,S2a,20,0,0.3
part2,JEV,S2a-009,S2a,20,0,0.32
part2,JEV,S2a-011,S2a,20,0,0.45
part2,JEV,S2a-013,S2a,20,0,0.32
part2,JEV,S2a-014,S2a,20,0,0.58
part2,JEV,S2a-015,S2a,20,0,0.38
part2,JEV,S2a-017,S2a,20,0,0.36
part2,JEV,S2a-018,S2a,20,0,0.31
part2,JEV,S2a-019,S2a,20,0,0.16999999999999998
part2,JEV,S2a-022,S2a,20,0,0.41000000000000003
part2,JEV,S2a-023,S2a,20,1,0.72
part2,JEV,S2a-025,S2a,20,0,0.24
part2,JEV,S2a-026,S2a,20,1,0.5
part2,JEV,S2a-027,S2a,20,0,0.22
part2,JEV,S2a-028,S2a,20,0,0.27
part2,JEV,S2a-030,S2a,20,0,0.33
part2,JEV,S2a-031,S2a,20,0,0.21
part2,JEV,S2a-033,S2a,20,1,0.46
part2,JEV,S2a-036,S2a,20,0,0.38
part2,JEV,S2a-037,S2a,20,0,0.797979797979798
part2,JEV,S2a-038,S2a,20,0,0.22999999999999998
part2,JEV,S2a-039,S2a,20,0,0.19
part2,JEV,S2a-040,S2a,20,0,0.13
part2,JEV,S2a-041,S2a,20,0,0.44
part2,JEV,S2a-042,S2a,20,0,0.2
part2,JEV,S2a-043,S2a,20,0,0.32
part2,JEV,S2a-044,S2a,20,1,0.32
part2,JEV,S2a-045,S2a,20,0,0.61
part2,JEV,S2a-046,S2a,20,0,0.41000000000000003
part2,JEV,S2a-047,S2a,20,0,0.27999999999999997
part2,JEV,S2a-048,S2a,20,1,0.17
part2,JEV,S2a-049,S2a,20,0,0.41000000000000003
part2,JEV,S2a-050,S2a,20,0,0.22
part2,JEV,S2a-051,S2a,20,0,0.45999999999999996
part2,JEV,S2a-052,S2a,20,0,0.33
part2,JEV,S2a-053,S2a,20,0,0.29000000000000004
part2,JEV,S2a-054,S2a,20,0,0.49
part2,JEV,S2a-055,S2a,20,0,0.21000000000000002
part2,JEV,S2a-056,S2a,20,0,0.29000000000000004
part2,JEV,S2a-057,S2a,20,0,0.18
part2,JEV,S2a-058,S2a,20,0,0.35
part2,JEV,S2b-000,S2b,11,1,0.67
part2,JEV,S2b-001,S2b,11,1,0.34
part2,JEV,S2b-002,S2b,11,0,0.77
part2,JEV,S2b-003,S2b,11,0,0.78
part2,JEV,S2b-004,S2b,11,1,0.37
part2,JEV,S2b-005,S2b,11,0,0.86
part2,JEV,S2b-006,S2b,11,0,1.0
part2,JEV,S2b-007,S2b,11,0,0.87
part2,JEV,S2b-008,S2b,11,0,0.91
part2,JEV,S2b-010,S2b,11,0,0.37
part2,JEV,S2b-011,S2b,11,0,0.59
part2,JEV,S2b-012,S2b,11,0,0.86
part2,JEV,S2b-013,S2b,11,1,0.34
part2,JEV,S2b-015,S2b,11,0,0.53
part2,JEV,S2b-017,S2b,11,0,0.32
part2,JEV,S2b-018,S2b,11,1,1.0
part2,JEV,S2b-019,S2b,11,1,1.0
part2,JEV,S2b-021,S2b,11,0,0.71
part2,JEV,S2b-022,S2b,11,1,0.99
part2,JEV,S2b-023,S2b,11,1,0.94
part2,JEV,S2b-024,S2b,11,0,0.42
part2,JEV,S2b-025,S2b,11,0,0.77
part2,JEV,S2b-026,S2b,11,0,0.38
part2,JEV,S2b-028,S2b,11,0,0.39999999999999997
part2,JEV,S2b-029,S2b,11,0,0.49
part2,JEV,S2b-030,S2b,11,0,0.47
part2,JEV,S2b-031,S2b,11,1,0.76
part2,JEV,S2b-032,S2b,11,1,0.76
part2,JEV,S2b-033,S2b,11,0,0.77
part2,JEV,S2b-034,S2b,11,0,0.88
part2,JEV,S2b-035,S2b,11,0,0.24
part2,JEV,S2b-037,S2b,11,0,0.51
part2,JEV,S2b-038,S2b,11,1,1.0
part2,JEV,S2b-040,S2b,11,1,0.99
part2,JEV,S2b-041,S2b,11,1,0.96
part2,JEV,S2b-042,S2b,11,1,0.86
part2,JEV,S2b-043,S2b,11,1,0.5
part2,JEV,S2b-045,S2b,11,0,0.24
part2,JEV,S2b-046,S2b,11,1,0.91
part2,JEV,S2b-047,S2b,11,1,0.99
part2,JEV,S2b-049,S2b,11,0,0.75
part2,JEV,S2b-050,S2b,11,0,0.45
part2,JEV,S2b-051,S2b,11,1,0.5656565656565656
part2,JEV,S2b-052,S2b,11,1,0.94
part2,JEV,S2b-054,S2b,11,1,0.5656565656565656
part2,JEV,S2b-055,S2b,11,0,0.49
part2,JEV,S2b-056,S2b,11,0,0.33
part2,JEV,S2b-059,S2b,11,0,0.25
part2,JEV,S2c-000,S2c,9,0,0.21
part2,JEV,S2c-001,S2c,9,0,0.26
part2,JEV,S2c-003,S2c,9,1,0.27
part2,JEV,S2c-004,S2c,9,1,0.3
part2,JEV,S2c-005,S2c,9,0,0.27
part2,JEV,S2c-006,S2c,9,0,0.3434343434343434
part2,JEV,S2c-008,S2c,9,0,0.69
part2,JEV,S2c-009,S2c,9,0,0.42
part2,JEV,S2c-010,S2c,9,0,0.3
part2,JEV,S2c-011,S2c,9,0,0.35
part2,JEV,S2c-012,S2c,9,0,0.35
part2,JEV,S2c-013,S2c,9,0,0.48
part2,JEV,S2c-014,S2c,9,0,0.27
part2,JEV,S2c-016,S2c,9,1,0.8
part2,JEV,S2c-017,S2c,9,0,0.82
part2,JEV,S2c-018,S2c,9,1,0.19999999999999998
part2,JEV,S2c-019,S2c,9,0,0.2
part2,JEV,S2c-020,S2c,9,0,0.26
part2,JEV,S2c-022,S2c,9,0,0.26
part2,JEV,S2c-023,S2c,9,0,0.31
part2,JEV,S2c-024,S2c,9,0,0.36
part2,JEV,S2c-025,S2c,9,1,0.36
part2,JEV,S2c-026,S2c,9,1,0.4
part2,JEV,S2c-027,S2c,9,0,0.28
part2,JEV,S2c-028,S2c,9,0,0.2
part2,JEV,S2c-029,S2c,9,0,0.22
part2,JEV,S2c-030,S2c,9,1,0.6868686868686869
part2,JEV,S2c-031,S2c,9,0,0.25
part2,JEV,S2c-033,S2c,9,0,0.33
part2,JEV,S2c-035,S2c,9,1,0.65
part2,JEV,S2c-037,S2c,9,0,0.31
part2,JEV,S2c-038,S2c,9,1,0.24
part2,JEV,S2c-039,S2c,9,0,0.44
part2,JEV,S2c-040,S2c,9,0,0.43
part2,JEV,S2c-041,S2c,9,1,0.81
part2,JEV,S2c-042,S2c,9,0,0.2
part2,JEV,S2c-043,S2c,9,1,0.6
part2,JEV,S2c-044,S2c,9,0,0.37
part2,JEV,S2c-045,S2c,9,1,0.37
part2,JEV,S2c-046,S2c,9,1,0.93
part2,JEV,S2c-050,S2c,9,1,0.23232323232323232
part2,JEV,S2c-051,S2c,9,0,0.34
part2,JEV,S2c-052,S2c,9,0,0.22
part2,JEV,S2c-053,S2c,9,0,0.55
part2,JEV,S2c-054,S2c,9,0,0.23
part2,JEV,S2c-056,S2c,9,0,0.19
part2,JEV,S2c-057,S2c,9,1,0.32
part2,JEV,S2c-058,S2c,9,0,0.23
part2,JEV+CTX,S2a-000,S2a,20,1,0.5353535353535354
part2,JEV+CTX,S2a-001,S2a,20,0,0.42
part2,JEV+CTX,S2a-003,S2a,20,1,0.58
part2,JEV+CTX,S2a-004,S2a,20,0,0.5555555555555556
part2,JEV+CTX,S2a-005,S2a,20,0,0.44
part2,JEV+CTX,S2a-006,S2a,20,0,0.53
part2,JEV+CTX,S2a-007,S2a,20,0,0.29
part2,JEV+CTX,S2a-008,S2a,20,0,0.76
part2,JEV+CTX,S2a-009,S2a,20,1,0.99
part2,JEV+CTX,S2a-011,S2a,20,1,0.3434343434343434
part2,JEV+CTX,S2a-013,S2a,20,0,0.8
part2,JEV+CTX,S2a-014,S2a,20,1,0.97
part2,JEV+CTX,S2a-015,S2a,20,0,0.55
part2,JEV+CTX,S2a-017,S2a,20,0,0.62
part2,JEV+CTX,S2a-018,S2a,20,0,0.6868686868686869
part2,JEV+CTX,S2a-019,S2a,20,0,0.37
part2,JEV+CTX,S2a-022,S2a,20,1,0.6666666666666666
part2,JEV+CTX,S2a-023,S2a,20,1,0.58
part2,JEV+CTX,S2a-025,S2a,20,0,0.22999999999999998
part2,JEV+CTX,S2a-026,S2a,20,1,0.73
part2,JEV+CTX,S2a-027,S2a,20,0,0.86
part2,JEV+CTX,S2a-028,S2a,20,1,0.73
part2,JEV+CTX,S2a-030,S2a,20,1,1.0
part2,JEV+CTX,S2a-031,S2a,20,0,0.7878787878787878
part2,JEV+CTX,S2a-033,S2a,20,1,0.64
part2,JEV+CTX,S2a-036,S2a,20,1,0.5
part2,JEV+CTX,S2a-037,S2a,20,1,0.93
part2,JEV+CTX,S2a-038,S2a,20,0,0.51
part2,JEV+CTX,S2a-039,S2a,20,1,0.51
part2,JEV+CTX,S2a-040,S2a,20,0,0.45
part2,JEV+CTX,S2a-041,S2a,20,0,0.69
part2,JEV+CTX,S2a-042,S2a,20,1,0.33
part2,JEV+CTX,S2a-043,S2a,20,0,0.71
part2,JEV+CTX,S2a-044,S2a,20,0,0.51
part2,JEV+CTX,S2a-045,S2a,20,0,0.39
part2,JEV+CTX,S2a-046,S2a,20,0,0.45
part2,JEV+CTX,S2a-047,S2a,20,0,0.36
part2,JEV+CTX,S2a-048,S2a,20,0,0.45
part2,JEV+CTX,S2a-049,S2a,20,1,0.43
part2,JEV+CTX,S2a-050,S2a,20,0,0.38
part2,JEV+CTX,S2a-051,S2a,20,0,0.51
part2,JEV+CTX,S2a-052,S2a,20,0,0.6565656565656566
part2,JEV+CTX,S2a-053,S2a,20,0,0.61
part2,JEV+CTX,S2a-054,S2a,20,1,0.4
part2,JEV+CTX,S2a-055,S2a,20,0,0.67
part2,JEV+CTX,S2a-056,S2a,20,0,0.75
part2,JEV+CTX,S2a-057,S2a,20,0,0.74
part2,JEV+CTX,S2a-058,S2a,20,1,0.9393939393939393
part2,JEV+CTX,S2b-000,S2b,11,1,0.29
part2,JEV+CTX,S2b-001,S2b,11,0,0.23
part2,JEV+CTX,S2b-002,S2b,11,0,0.42
part2,JEV+CTX,S2b-003,S2b,11,0,0.59
part2,JEV+CTX,S2b-004,S2b,11,0,0.77
part2,JEV+CTX,S2b-005,S2b,11,0,0.73
part2,JEV+CTX,S2b-006,S2b,11,0,0.99
part2,JEV+CTX,S2b-007,S2b,11,0,0.92
part2,JEV+CTX,S2b-008,S2b,11,0,0.56
part2,JEV+CTX,S2b-010,S2b,11,1,0.36
part2,JEV+CTX,S2b-011,S2b,11,0,0.43
part2,JEV+CTX,S2b-012,S2b,11,0,0.66
part2,JEV+CTX,S2b-013,S2b,11,1,0.51
part2,JEV+CTX,S2b-015,S2b,11,0,0.45
part2,JEV+CTX,S2b-017,S2b,11,0,0.41
part2,JEV+CTX,S2b-018,S2b,11,1,0.98
part2,JEV+CTX,S2b-019,S2b,11,1,0.97
part2,JEV+CTX,S2b-021,S2b,11,0,0.5
part2,JEV+CTX,S2b-022,S2b,11,1,0.97
part2,JEV+CTX,S2b-023,S2b,11,1,0.92
part2,JEV+CTX,S2b-024,S2b,11,1,0.62
part2,JEV+CTX,S2b-025,S2b,11,1,0.46
part2,JEV+CTX,S2b-026,S2b,11,0,0.4
part2,JEV+CTX,S2b-028,S2b,11,1,0.61
part2,JEV+CTX,S2b-029,S2b,11,0,0.62
part2,JEV+CTX,S2b-030,S2b,11,1,0.59
part2,JEV+CTX,S2b-031,S2b,11,1,0.65
part2,JEV+CTX,S2b-032,S2b,11,1,0.87
part2,JEV+CTX,S2b-033,S2b,11,0,0.49
part2,JEV+CTX,S2b-034,S2b,11,1,0.42
part2,JEV+CTX,S2b-035,S2b,11,1,0.46
part2,JEV+CTX,S2b-037,S2b,11,0,0.44
part2,JEV+CTX,S2b-038,S2b,11,1,0.99
part2,JEV+CTX,S2b-040,S2b,11,1,0.99
part2,JEV+CTX,S2b-041,S2b,11,1,0.96
part2,JEV+CTX,S2b-042,S2b,11,1,0.87
part2,JEV+CTX,S2b-043,S2b,11,1,0.66
part2,JEV+CTX,S2b-045,S2b,11,1,0.57
part2,JEV+CTX,S2b-046,S2b,11,1,1.0
part2,JEV+CTX,S2b-047,S2b,11,1,1.0
part2,JEV+CTX,S2b-049,S2b,11,0,0.41
part2,JEV+CTX,S2b-050,S2b,11,0,0.39
part2,JEV+CTX,S2b-051,S2b,11,1,0.47000000000000003
part2,JEV+CTX,S2b-052,S2b,11,1,0.91
part2,JEV+CTX,S2b-054,S2b,11,0,0.39
part2,JEV+CTX,S2b-055,S2b,11,0,0.39
part2,JEV+CTX,S2b-056,S2b,11,0,0.41000000000000003
part2,JEV+CTX,S2b-059,S2b,11,0,0.45
part2,JEV+CTX,S2c-000,S2c,9,0,0.38
part2,JEV+CTX,S2c-001,S2c,9,0,0.58
part2,JEV+CTX,S2c-003,S2c,9,0,0.4
part2,JEV+CTX,S2c-004,S2c,9,1,0.59
part2,JEV+CTX,S2c-005,S2c,9,0,0.4
part2,JEV+CTX,S2c-006,S2c,9,0,0.32
part2,JEV+CTX,S2c-008,S2c,9,1,0.64
part2,JEV+CTX,S2c-009,S2c,9,1,0.89
part2,JEV+CTX,S2c-010,S2c,9,0,0.53
part2,JEV+CTX,S2c-011,S2c,9,1,0.53
part2,JEV+CTX,S2c-012,S2c,9,0,0.35
part2,JEV+CTX,S2c-013,S2c,9,0,0.65
part2,JEV+CTX,S2c-014,S2c,9,1,0.51
part2,JEV+CTX,S2c-016,S2c,9,0,0.46
part2,JEV+CTX,S2c-017,S2c,9,0,0.59
part2,JEV+CTX,S2c-018,S2c,9,1,0.5
part2,JEV+CTX,S2c-019,S2c,9,0,0.6767676767676767
part2,JEV+CTX,S2c-020,S2c,9,0,0.48
part2,JEV+CTX,S2c-022,S2c,9,0,0.66
part2,JEV+CTX,S2c-023,S2c,9,0,0.53
part2,JEV+CTX,S2c-024,S2c,9,0,0.9400000000000001
part2,JEV+CTX,S2c-025,S2c,9,1,0.78
part2,JEV+CTX,S2c-026,S2c,9,1,0.37
part2,JEV+CTX,S2c-027,S2c,9,1,0.43
part2,JEV+CTX,S2c-028,S2c,9,1,0.53
part2,JEV+CTX,S2c-029,S2c,9,0,0.54
part2,JEV+CTX,S2c-030,S2c,9,0,0.64
part2,JEV+CTX,S2c-031,S2c,9,1,0.75
part2,JEV+CTX,S2c-033,S2c,9,0,0.9
part2,JEV+CTX,S2c-035,S2c,9,1,1.0
part2,JEV+CTX,S2c-037,S2c,9,0,0.97
part2,JEV+CTX,S2c-038,S2c,9,0,0.96
part2,JEV+CTX,S2c-039,S2c,9,1,0.49
part2,JEV+CTX,S2c-040,S2c,9,1,0.58
part2,JEV+CTX,S2c-041,S2c,9,0,0.41000000000000003
part2,JEV+CTX,S2c-042,S2c,9,0,0.66
part2,JEV+CTX,S2c-043,S2c,9,0,0.9393939393939393
part2,JEV+CTX,S2c-044,S2c,9,1,0.81
part2,JEV+CTX,S2c-045,S2c,9,1,0.9
part2,JEV+CTX,S2c-046,S2c,9,1,0.95
part2,JEV+CTX,S2c-050,S2c,9,0,0.45999999999999996
part2,JEV+CTX,S2c-051,S2c,9,0,0.5700000000000001
part2,JEV+CTX,S2c-052,S2c,9,0,0.9400000000000001
part2,JEV+CTX,S2c-053,S2c,9,0,0.87
part2,JEV+CTX,S2c-054,S2c,9,0,0.72
part2,JEV+CTX,S2c-056,S2c,9,0,0.44
part2,JEV+CTX,S2c-057,S2c,9,0,0.57
part2,JEV+CTX,S2c-058,S2c,9,0,0.27999999999999997
part2,LOCAL-P+CTX,S2a-000,S2a,20,1,0.999999999663219
part2,LOCAL-P+CTX,S2a-001,S2a,20,0,0.9999931261664953
part2,LOCAL-P+CTX,S2a-003,S2a,20,0,0.9999881465662048
part2,LOCAL-P+CTX,S2a-004,S2a,20,0,0.9999999995449254
part2,LOCAL-P+CTX,S2a-005,S2a,20,0,0.9969685363580176
part2,LOCAL-P+CTX,S2a-006,S2a,20,0,0.9999999384160202
part2,LOCAL-P+CTX,S2a-007,S2a,20,0,0.9992883268844406
part2,LOCAL-P+CTX,S2a-008,S2a,20,0,0.814196856796261
part2,LOCAL-P+CTX,S2a-009,S2a,20,1,0.9999999999997069
part2,LOCAL-P+CTX,S2a-011,S2a,20,1,0.9999999998677693
part2,LOCAL-P+CTX,S2a-013,S2a,20,0,0.9999999355684582
part2,LOCAL-P+CTX,S2a-014,S2a,20,1,0.9999999999724529
part2,LOCAL-P+CTX,S2a-015,S2a,20,0,0.9999999999622811
part2,LOCAL-P+CTX,S2a-017,S2a,20,0,0.9993898217849708
part2,LOCAL-P+CTX,S2a-018,S2a,20,1,0.9984896652293381
part2,LOCAL-P+CTX,S2a-019,S2a,20,0,0.8977576346362875
part2,LOCAL-P+CTX,S2a-022,S2a,20,1,0.999996440011031
part2,LOCAL-P+CTX,S2a-023,S2a,20,1,0.9995710249205481
part2,LOCAL-P+CTX,S2a-025,S2a,20,0,0.788187167882121
part2,LOCAL-P+CTX,S2a-026,S2a,20,0,0.9999999950857108
part2,LOCAL-P+CTX,S2a-027,S2a,20,0,0.9999724475301508
part2,LOCAL-P+CTX,S2a-028,S2a,20,1,0.9999999262510325
part2,LOCAL-P+CTX,S2a-030,S2a,20,1,0.999999999999599
part2,LOCAL-P+CTX,S2a-031,S2a,20,0,0.9999999999964024
part2,LOCAL-P+CTX,S2a-033,S2a,20,1,0.999999780766322
part2,LOCAL-P+CTX,S2a-036,S2a,20,1,0.9999809239847408
part2,LOCAL-P+CTX,S2a-037,S2a,20,1,0.9999999999999687
part2,LOCAL-P+CTX,S2a-038,S2a,20,0,0.99920428546193
part2,LOCAL-P+CTX,S2a-039,S2a,20,0,0.937878910229181
part2,LOCAL-P+CTX,S2a-040,S2a,20,0,0.9862556523390903
part2,LOCAL-P+CTX,S2a-041,S2a,20,0,0.9999999999453224
part2,LOCAL-P+CTX,S2a-042,S2a,20,0,0.5850887382577696
part2,LOCAL-P+CTX,S2a-043,S2a,20,1,0.9959022325999579
part2,LOCAL-P+CTX,S2a-044,S2a,20,0,0.9993858113194878
part2,LOCAL-P+CTX,S2a-045,S2a,20,0,0.9998766960924803
part2,LOCAL-P+CTX,S2a-046,S2a,20,0,0.9999605279785684
part2,LOCAL-P+CTX,S2a-047,S2a,20,0,0.9999999895950348
part2,LOCAL-P+CTX,S2a-048,S2a,20,0,0.8681326731675008
part2,LOCAL-P+CTX,S2a-049,S2a,20,1,0.9999999055228752
part2,LOCAL-P+CTX,S2a-050,S2a,20,0,0.6798414332516318
part2,LOCAL-P+CTX,S2a-051,S2a,20,0,0.9999761196320213
part2,LOCAL-P+CTX,S2a-052,S2a,20,0,0.9999999544650789
part2,LOCAL-P+CTX,S2a-053,S2a,20,1,0.9960833187546156
part2,LOCAL-P+CTX,S2a-054,S2a,20,0,0.9999999956958077
part2,LOCAL-P+CTX,S2a-055,S2a,20,0,0.9999992652854038
part2,LOCAL-P+CTX,S2a-056,S2a,20,0,0.9919664841700795
part2,LOCAL-P+CTX,S2a-057,S2a,20,0,0.8910579235287405
part2,LOCAL-P+CTX,S2a-058,S2a,20,1,0.9999999997547953
part2,LOCAL-P+CTX,S2b-000,S2b,11,0,0.999999983755784
part2,LOCAL-P+CTX,S2b-001,S2b,11,0,0.9999999986995873
part2,LOCAL-P+CTX,S2b-002,S2b,11,1,0.9996670438604719
part2,LOCAL-P+CTX,S2b-003,S2b,11,0,0.9999999999829379
part2,LOCAL-P+CTX,S2b-004,S2b,11,0,0.999999999999774
part2,LOCAL-P+CTX,S2b-005,S2b,11,0,0.9999999999997073
part2,LOCAL-P+CTX,S2b-006,S2b,11,0,0.9999999992064645
part2,LOCAL-P+CTX,S2b-007,S2b,11,0,0.9999999999908606
part2,LOCAL-P+CTX,S2b-008,S2b,11,0,0.9999999999973068
part2,LOCAL-P+CTX,S2b-010,S2b,11,0,0.9999999999956393
part2,LOCAL-P+CTX,S2b-011,S2b,11,0,0.9999999763840707
part2,LOCAL-P+CTX,S2b-012,S2b,11,0,0.5367122723218491
part2,LOCAL-P+CTX,S2b-013,S2b,11,0,0.993571445475641
part2,LOCAL-P+CTX,S2b-015,S2b,11,0,0.9999998665436741
part2,LOCAL-P+CTX,S2b-017,S2b,11,0,0.999999999472243
part2,LOCAL-P+CTX,S2b-018,S2b,11,1,0.9999994856656058
part2,LOCAL-P+CTX,S2b-019,S2b,11,0,0.9999998765623662
part2,LOCAL-P+CTX,S2b-021,S2b,11,0,0.999999999999805
part2,LOCAL-P+CTX,S2b-022,S2b,11,1,0.9999999999970952
part2,LOCAL-P+CTX,S2b-023,S2b,11,0,0.8880785447127677
part2,LOCAL-P+CTX,S2b-024,S2b,11,1,0.9999999999951703
part2,LOCAL-P+CTX,S2b-025,S2b,11,1,0.9999999945792684
part2,LOCAL-P+CTX,S2b-026,S2b,11,1,0.9999999919887798
part2,LOCAL-P+CTX,S2b-028,S2b,11,1,0.9999999999983691
part2,LOCAL-P+CTX,S2b-029,S2b,11,1,0.9999999938524775
part2,LOCAL-P+CTX,S2b-030,S2b,11,1,0.9999999999983304
part2,LOCAL-P+CTX,S2b-031,S2b,11,0,0.9999999999897651
part2,LOCAL-P+CTX,S2b-032,S2b,11,1,0.6356169697077471
part2,LOCAL-P+CTX,S2b-033,S2b,11,1,0.9999999999999554
part2,LOCAL-P+CTX,S2b-034,S2b,11,1,0.9999999999996911
part2,LOCAL-P+CTX,S2b-035,S2b,11,0,0.562138004452319
part2,LOCAL-P+CTX,S2b-037,S2b,11,0,0.9999999999736324
part2,LOCAL-P+CTX,S2b-038,S2b,11,1,0.999999999939506
part2,LOCAL-P+CTX,S2b-040,S2b,11,1,0.9999999999652682
part2,LOCAL-P+CTX,S2b-041,S2b,11,0,0.9999999980721777
part2,LOCAL-P+CTX,S2b-042,S2b,11,1,0.9999842565730347
part2,LOCAL-P+CTX,S2b-043,S2b,11,0,0.9877940449606212
part2,LOCAL-P+CTX,S2b-045,S2b,11,0,0.999976552701696
part2,LOCAL-P+CTX,S2b-046,S2b,11,1,0.9999999964560877
part2,LOCAL-P+CTX,S2b-047,S2b,11,1,0.9999999976763667
part2,LOCAL-P+CTX,S2b-049,S2b,11,0,0.9999999999969298
part2,LOCAL-P+CTX,S2b-050,S2b,11,0,0.9999999991340298
part2,LOCAL-P+CTX,S2b-051,S2b,11,0,0.9999999994486601
part2,LOCAL-P+CTX,S2b-052,S2b,11,0,0.9984978220701748
part2,LOCAL-P+CTX,S2b-054,S2b,11,0,0.9999999999416966
part2,LOCAL-P+CTX,S2b-055,S2b,11,0,0.999999999997724
part2,LOCAL-P+CTX,S2b-056,S2b,11,0,0.9999999999953535
part2,LOCAL-P+CTX,S2b-059,S2b,11,0,0.9999999999986477
part2,LOCAL-P+CTX,S2c-000,S2c,9,0,0.9986714618798607
part2,LOCAL-P+CTX,S2c-001,S2c,9,0,0.7735814278929001
part2,LOCAL-P+CTX,S2c-003,S2c,9,0,0.9008393498180366
part2,LOCAL-P+CTX,S2c-004,S2c,9,1,0.9999999999604985
part2,LOCAL-P+CTX,S2c-005,S2c,9,0,0.9239461577117574
part2,LOCAL-P+CTX,S2c-006,S2c,9,0,0.9999989161061917
part2,LOCAL-P+CTX,S2c-008,S2c,9,1,0.7557640719604324
part2,LOCAL-P+CTX,S2c-009,S2c,9,1,0.999999999994053
part2,LOCAL-P+CTX,S2c-010,S2c,9,0,0.9993793088763446
part2,LOCAL-P+CTX,S2c-011,S2c,9,1,0.9999999522396797
part2,LOCAL-P+CTX,S2c-012,S2c,9,0,0.9988569485251856
part2,LOCAL-P+CTX,S2c-013,S2c,9,0,0.9611161647630241
part2,LOCAL-P+CTX,S2c-014,S2c,9,1,0.9999965969849963
part2,LOCAL-P+CTX,S2c-016,S2c,9,0,0.9912860468805718
part2,LOCAL-P+CTX,S2c-017,S2c,9,0,0.9999999981958241
part2,LOCAL-P+CTX,S2c-018,S2c,9,1,0.9999999993046853
part2,LOCAL-P+CTX,S2c-019,S2c,9,0,0.999999996956354
part2,LOCAL-P+CTX,S2c-020,S2c,9,0,0.9999412901487182
part2,LOCAL-P+CTX,S2c-022,S2c,9,0,0.9999990450342574
part2,LOCAL-P+CTX,S2c-023,S2c,9,0,0.9999999991082085
part2,LOCAL-P+CTX,S2c-024,S2c,9,0,0.9999999998884663
part2,LOCAL-P+CTX,S2c-025,S2c,9,1,0.9999999047096705
part2,LOCAL-P+CTX,S2c-026,S2c,9,1,0.9999980760251873
part2,LOCAL-P+CTX,S2c-027,S2c,9,0,0.9976551489515018
part2,LOCAL-P+CTX,S2c-028,S2c,9,1,0.9999886515647557
part2,LOCAL-P+CTX,S2c-029,S2c,9,0,0.7103246203221966
part2,LOCAL-P+CTX,S2c-030,S2c,9,0,0.9999625913736413
part2,LOCAL-P+CTX,S2c-031,S2c,9,0,0.9943460764671083
part2,LOCAL-P+CTX,S2c-033,S2c,9,0,0.9999980355190426
part2,LOCAL-P+CTX,S2c-035,S2c,9,1,0.9999999999758047
part2,LOCAL-P+CTX,S2c-037,S2c,9,0,0.9999999994711744
part2,LOCAL-P+CTX,S2c-038,S2c,9,0,0.9999999994052755
part2,LOCAL-P+CTX,S2c-039,S2c,9,1,0.9999999999994775
part2,LOCAL-P+CTX,S2c-040,S2c,9,1,0.9930613184198892
part2,LOCAL-P+CTX,S2c-041,S2c,9,0,0.9979903775603395
part2,LOCAL-P+CTX,S2c-042,S2c,9,0,0.9999935470181283
part2,LOCAL-P+CTX,S2c-043,S2c,9,0,0.9999999996499966
part2,LOCAL-P+CTX,S2c-044,S2c,9,1,0.9999999973603535
part2,LOCAL-P+CTX,S2c-045,S2c,9,1,0.9999998546143807
part2,LOCAL-P+CTX,S2c-046,S2c,9,1,0.9999999909247054
part2,LOCAL-P+CTX,S2c-050,S2c,9,0,0.9513612072054654
part2,LOCAL-P+CTX,S2c-051,S2c,9,0,0.9999999998632891
part2,LOCAL-P+CTX,S2c-052,S2c,9,0,0.9999999999998812
part2,LOCAL-P+CTX,S2c-053,S2c,9,0,0.9999999988606498
part2,LOCAL-P+CTX,S2c-054,S2c,9,0,0.9999999312533295
part2,LOCAL-P+CTX,S2c-056,S2c,9,0,0.9999629142428338
part2,LOCAL-P+CTX,S2c-057,S2c,9,1,0.9981079540341365
part2,LOCAL-P+CTX,S2c-058,S2c,9,0,0.993103825221431
part2,RETRIEVAL-ONLY,S2a-000,S2a,20,1,0.6
part2,RETRIEVAL-ONLY,S2a-001,S2a,20,0,0.4
part2,RETRIEVAL-ONLY,S2a-003,S2a,20,1,0.6
part2,RETRIEVAL-ONLY,S2a-004,S2a,20,0,0.6
part2,RETRIEVAL-ONLY,S2a-005,S2a,20,0,0.2
part2,RETRIEVAL-ONLY,S2a-006,S2a,20,0,0.6
part2,RETRIEVAL-ONLY,S2a-007,S2a,20,0,0.4
part2,RETRIEVAL-ONLY,S2a-008,S2a,20,0,0.6
part2,RETRIEVAL-ONLY,S2a-009,S2a,20,1,1.0
part2,RETRIEVAL-ONLY,S2a-011,S2a,20,0,0.4
part2,RETRIEVAL-ONLY,S2a-013,S2a,20,0,0.4
part2,RETRIEVAL-ONLY,S2a-014,S2a,20,1,1.0
part2,RETRIEVAL-ONLY,S2a-015,S2a,20,0,0.4
part2,RETRIEVAL-ONLY,S2a-017,S2a,20,0,0.6
part2,RETRIEVAL-ONLY,S2a-018,S2a,20,1,0.4
part2,RETRIEVAL-ONLY,S2a-019,S2a,20,0,0.6
part2,RETRIEVAL-ONLY,S2a-022,S2a,20,1,0.6
part2,RETRIEVAL-ONLY,S2a-023,S2a,20,0,0.4
part2,RETRIEVAL-ONLY,S2a-025,S2a,20,0,0.2
part2,RETRIEVAL-ONLY,S2a-026,S2a,20,0,0.4
part2,RETRIEVAL-ONLY,S2a-027,S2a,20,1,0.4
part2,RETRIEVAL-ONLY,S2a-028,S2a,20,0,0.2
part2,RETRIEVAL-ONLY,S2a-030,S2a,20,1,1.0
part2,RETRIEVAL-ONLY,S2a-031,S2a,20,0,0.6
part2,RETRIEVAL-ONLY,S2a-033,S2a,20,0,0.4
part2,RETRIEVAL-ONLY,S2a-036,S2a,20,0,0.4
part2,RETRIEVAL-ONLY,S2a-037,S2a,20,1,1.0
part2,RETRIEVAL-ONLY,S2a-038,S2a,20,0,0.4
part2,RETRIEVAL-ONLY,S2a-039,S2a,20,0,0.4
part2,RETRIEVAL-ONLY,S2a-040,S2a,20,0,0.2
part2,RETRIEVAL-ONLY,S2a-041,S2a,20,0,0.6
part2,RETRIEVAL-ONLY,S2a-042,S2a,20,0,0.4
part2,RETRIEVAL-ONLY,S2a-043,S2a,20,1,0.4
part2,RETRIEVAL-ONLY,S2a-044,S2a,20,0,0.4
part2,RETRIEVAL-ONLY,S2a-045,S2a,20,0,0.4
part2,RETRIEVAL-ONLY,S2a-046,S2a,20,0,0.4
part2,RETRIEVAL-ONLY,S2a-047,S2a,20,0,0.6
part2,RETRIEVAL-ONLY,S2a-048,S2a,20,0,0.4
part2,RETRIEVAL-ONLY,S2a-049,S2a,20,0,0.4
part2,RETRIEVAL-ONLY,S2a-050,S2a,20,0,0.2
part2,RETRIEVAL-ONLY,S2a-051,S2a,20,0,0.4
part2,RETRIEVAL-ONLY,S2a-052,S2a,20,0,0.4
part2,RETRIEVAL-ONLY,S2a-053,S2a,20,1,0.4
part2,RETRIEVAL-ONLY,S2a-054,S2a,20,0,0.4
part2,RETRIEVAL-ONLY,S2a-055,S2a,20,0,0.4
part2,RETRIEVAL-ONLY,S2a-056,S2a,20,0,0.4
part2,RETRIEVAL-ONLY,S2a-057,S2a,20,0,0.6
part2,RETRIEVAL-ONLY,S2a-058,S2a,20,1,0.8
part2,RETRIEVAL-ONLY,S2b-000,S2b,11,0,0.6
part2,RETRIEVAL-ONLY,S2b-001,S2b,11,0,0.6
part2,RETRIEVAL-ONLY,S2b-002,S2b,11,0,0.8
part2,RETRIEVAL-ONLY,S2b-003,S2b,11,0,0.8
part2,RETRIEVAL-ONLY,S2b-004,S2b,11,0,1.0
part2,RETRIEVAL-ONLY,S2b-005,S2b,11,0,1.0
part2,RETRIEVAL-ONLY,S2b-006,S2b,11,0,0.8
part2,RETRIEVAL-ONLY,S2b-007,S2b,11,0,0.8
part2,RETRIEVAL-ONLY,S2b-008,S2b,11,0,0.8
part2,RETRIEVAL-ONLY,S2b-010,S2b,11,0,0.6
part2,RETRIEVAL-ONLY,S2b-011,S2b,11,0,0.4
part2,RETRIEVAL-ONLY,S2b-012,S2b,11,0,0.6
part2,RETRIEVAL-ONLY,S2b-013,S2b,11,0,0.4
part2,RETRIEVAL-ONLY,S2b-015,S2b,11,0,0.4
part2,RETRIEVAL-ONLY,S2b-017,S2b,11,0,0.6
part2,RETRIEVAL-ONLY,S2b-018,S2b,11,0,0.4
part2,RETRIEVAL-ONLY,S2b-019,S2b,11,0,0.4
part2,RETRIEVAL-ONLY,S2b-021,S2b,11,0,0.6
part2,RETRIEVAL-ONLY,S2b-022,S2b,11,1,0.6
part2,RETRIEVAL-ONLY,S2b-023,S2b,11,0,0.6
part2,RETRIEVAL-ONLY,S2b-024,S2b,11,1,0.6
part2,RETRIEVAL-ONLY,S2b-025,S2b,11,1,0.6
part2,RETRIEVAL-ONLY,S2b-026,S2b,11,1,0.6
part2,RETRIEVAL-ONLY,S2b-028,S2b,11,1,0.8
part2,RETRIEVAL-ONLY,S2b-029,S2b,11,1,1.0
part2,RETRIEVAL-ONLY,S2b-030,S2b,11,1,1.0
part2,RETRIEVAL-ONLY,S2b-031,S2b,11,0,0.8
part2,RETRIEVAL-ONLY,S2b-032,S2b,11,0,0.4
part2,RETRIEVAL-ONLY,S2b-033,S2b,11,1,0.8
part2,RETRIEVAL-ONLY,S2b-034,S2b,11,1,0.6
part2,RETRIEVAL-ONLY,S2b-035,S2b,11,1,0.6
part2,RETRIEVAL-ONLY,S2b-037,S2b,11,0,0.6
part2,RETRIEVAL-ONLY,S2b-038,S2b,11,0,0.6
part2,RETRIEVAL-ONLY,S2b-040,S2b,11,0,0.6
part2,RETRIEVAL-ONLY,S2b-041,S2b,11,0,0.2
part2,RETRIEVAL-ONLY,S2b-042,S2b,11,0,0.4
part2,RETRIEVAL-ONLY,S2b-043,S2b,11,0,0.6
part2,RETRIEVAL-ONLY,S2b-045,S2b,11,0,0.6
part2,RETRIEVAL-ONLY,S2b-046,S2b,11,1,1.0
part2,RETRIEVAL-ONLY,S2b-047,S2b,11,1,1.0
part2,RETRIEVAL-ONLY,S2b-049,S2b,11,0,0.6
part2,RETRIEVAL-ONLY,S2b-050,S2b,11,0,0.4
part2,RETRIEVAL-ONLY,S2b-051,S2b,11,0,0.4
part2,RETRIEVAL-ONLY,S2b-052,S2b,11,0,0.6
part2,RETRIEVAL-ONLY,S2b-054,S2b,11,0,0.6
part2,RETRIEVAL-ONLY,S2b-055,S2b,11,0,0.6
part2,RETRIEVAL-ONLY,S2b-056,S2b,11,0,0.6
part2,RETRIEVAL-ONLY,S2b-059,S2b,11,0,0.8
part2,RETRIEVAL-ONLY,S2c-000,S2c,9,0,0.4
part2,RETRIEVAL-ONLY,S2c-001,S2c,9,0,0.2
part2,RETRIEVAL-ONLY,S2c-003,S2c,9,0,0.4
part2,RETRIEVAL-ONLY,S2c-004,S2c,9,1,0.4
part2,RETRIEVAL-ONLY,S2c-005,S2c,9,0,0.4
part2,RETRIEVAL-ONLY,S2c-006,S2c,9,0,0.4
part2,RETRIEVAL-ONLY,S2c-008,S2c,9,0,0.4
part2,RETRIEVAL-ONLY,S2c-009,S2c,9,1,0.4
part2,RETRIEVAL-ONLY,S2c-010,S2c,9,0,0.4
part2,RETRIEVAL-ONLY,S2c-011,S2c,9,1,0.4
part2,RETRIEVAL-ONLY,S2c-012,S2c,9,0,0.4
part2,RETRIEVAL-ONLY,S2c-013,S2c,9,0,0.4
part2,RETRIEVAL-ONLY,S2c-014,S2c,9,1,0.4
part2,RETRIEVAL-ONLY,S2c-016,S2c,9,0,0.4
part2,RETRIEVAL-ONLY,S2c-017,S2c,9,0,0.4
part2,RETRIEVAL-ONLY,S2c-018,S2c,9,1,0.4
part2,RETRIEVAL-ONLY,S2c-019,S2c,9,0,0.4
part2,RETRIEVAL-ONLY,S2c-020,S2c,9,0,0.4
part2,RETRIEVAL-ONLY,S2c-022,S2c,9,0,0.2
part2,RETRIEVAL-ONLY,S2c-023,S2c,9,0,0.4
part2,RETRIEVAL-ONLY,S2c-024,S2c,9,0,0.4
part2,RETRIEVAL-ONLY,S2c-025,S2c,9,1,0.8
part2,RETRIEVAL-ONLY,S2c-026,S2c,9,0,0.4
part2,RETRIEVAL-ONLY,S2c-027,S2c,9,0,0.4
part2,RETRIEVAL-ONLY,S2c-028,S2c,9,0,0.6
part2,RETRIEVAL-ONLY,S2c-029,S2c,9,0,0.4
part2,RETRIEVAL-ONLY,S2c-030,S2c,9,0,0.4
part2,RETRIEVAL-ONLY,S2c-031,S2c,9,1,0.2
part2,RETRIEVAL-ONLY,S2c-033,S2c,9,0,0.4
part2,RETRIEVAL-ONLY,S2c-035,S2c,9,1,1.0
part2,RETRIEVAL-ONLY,S2c-037,S2c,9,0,0.8
part2,RETRIEVAL-ONLY,S2c-038,S2c,9,0,0.6
part2,RETRIEVAL-ONLY,S2c-039,S2c,9,1,0.8
part2,RETRIEVAL-ONLY,S2c-040,S2c,9,1,0.6
part2,RETRIEVAL-ONLY,S2c-041,S2c,9,0,0.4
part2,RETRIEVAL-ONLY,S2c-042,S2c,9,0,0.2
part2,RETRIEVAL-ONLY,S2c-043,S2c,9,0,0.2
part2,RETRIEVAL-ONLY,S2c-044,S2c,9,0,0.6
part2,RETRIEVAL-ONLY,S2c-045,S2c,9,1,0.6
part2,RETRIEVAL-ONLY,S2c-046,S2c,9,1,0.4
part2,RETRIEVAL-ONLY,S2c-050,S2c,9,0,0.4
part2,RETRIEVAL-ONLY,S2c-051,S2c,9,0,0.6
part2,RETRIEVAL-ONLY,S2c-052,S2c,9,0,0.8
part2,RETRIEVAL-ONLY,S2c-053,S2c,9,0,0.8
part2,RETRIEVAL-ONLY,S2c-054,S2c,9,1,0.4
part2,RETRIEVAL-ONLY,S2c-056,S2c,9,0,0.4
part2,RETRIEVAL-ONLY,S2c-057,S2c,9,0,0.4
part2,RETRIEVAL-ONLY,S2c-058,S2c,9,0,0.4
